{
  "info": {
    "name": "MYQER Edge Functions",
    "_postman_id": "266030e3-846b-4da5-a345-11518141b8b0",
    "schema": "https://schema.getpostman.com/json/collection/v2.1.0/collection.json"
  },
  "item": [
    {
      "name": "QR Generate",
      "request": {
        "method": "POST",
        "header": [
          {
            "key": "Authorization",
            "value": "Bearer {{userJwt}}"
          }
        ],
        "url": {
          "raw": "{{baseUrl}}/functions/v1/myqer-qr-generate",
          "host": [
            "{{baseUrl}}"
          ],
          "path": [
            "functions",
            "v1",
            "myqer-qr-generate"
          ]
        }
      }
    },
    {
      "name": "Card Public",
      "request": {
        "method": "GET",
        "url": {
          "raw": "{{baseUrl}}/functions/v1/myqer-card-public?code={{shortCode}}&lang={{lang}}",
          "host": [
            "{{baseUrl}}"
          ],
          "path": [
            "functions",
            "v1",
            "myqer-card-public"
          ],
          "query": [
            {
              "key": "code",
              "value": "{{shortCode}}"
            },
            {
              "key": "lang",
              "value": "{{lang}}"
            }
          ]
        }
      }
    },
    {
      "name": "Card Dispatch",
      "request": {
        "method": "GET",
        "header": [
          {
            "key": "x-org-user",
            "value": "{{orgUserId}}"
          }
        ],
        "url": {
          "raw": "{{baseUrl}}/functions/v1/myqer-card-dispatch?code={{shortCode}}&org={{orgId}}&lang={{lang}}",
          "host": [
            "{{baseUrl}}"
          ],
          "path": [
            "functions",
            "v1",
            "myqer-card-dispatch"
          ],
          "query": [
            {
              "key": "code",
              "value": "{{shortCode}}"
            },
            {
              "key": "org",
              "value": "{{orgId}}"
            },
            {
              "key": "lang",
              "value": "{{lang}}"
            }
          ]
        }
      }
    },
    {
      "name": "TTS Build",
      "request": {
        "method": "POST",
        "header": [
          {
            "key": "Authorization",
            "value": "Bearer {{userJwt}}"
          },
          {
            "key": "Content-Type",
            "value": "application/json"
          }
        ],
        "body": {
          "mode": "raw",
          "raw": "{ \"lang\": \"en\" }"
        },
        "url": {
          "raw": "{{baseUrl}}/functions/v1/myqer-tts-build",
          "host": [
            "{{baseUrl}}"
          ],
          "path": [
            "functions",
            "v1",
            "myqer-tts-build"
          ]
        }
      }
    },
    {
      "name": "Offline Card",
      "request": {
        "method": "GET",
        "header": [
          {
            "key": "Authorization",
            "value": "Bearer {{userJwt}}"
          }
        ],
        "url": {
          "raw": "{{baseUrl}}/functions/v1/myqer-offline-card",
          "host": [
            "{{baseUrl}}"
          ],
          "path": [
            "functions",
            "v1",
            "myqer-offline-card"
          ]
        }
      }
    }
  ],
  "variable": [
    {
      "key": "baseUrl",
      "value": "https://YOUR-PROJECT-REF.supabase.co"
    },
    {
      "key": "userJwt",
      "value": ""
    },
    {
      "key": "shortCode",
      "value": "ABCDEFG"
    },
    {
      "key": "lang",
      "value": "en"
    },
    {
      "key": "orgId",
      "value": ""
    },
    {
      "key": "orgUserId",
      "value": ""
    }
  ]
}