{
  "client": "Thunder Client",
  "collectionName": "MYQER Edge Functions",
  "dateExported": "2025-08-25T01:13:36.405157Z",
  "folders": [],
  "requests": [
    {
      "name": "QR Generate",
      "url": "{{baseUrl}}/functions/v1/myqer-qr-generate",
      "method": "POST",
      "headers": [
        {
          "name": "Authorization",
          "value": "Bearer {{userJwt}}"
        }
      ]
    },
    {
      "name": "Card Public",
      "url": "{{baseUrl}}/functions/v1/myqer-card-public?code={{shortCode}}&lang={{lang}}",
      "method": "GET"
    },
    {
      "name": "Card Dispatch",
      "url": "{{baseUrl}}/functions/v1/myqer-card-dispatch?code={{shortCode}}&org={{orgId}}&lang={{lang}}",
      "method": "GET",
      "headers": [
        {
          "name": "x-org-user",
          "value": "{{orgUserId}}"
        }
      ]
    },
    {
      "name": "TTS Build",
      "url": "{{baseUrl}}/functions/v1/myqer-tts-build",
      "method": "POST",
      "headers": [
        {
          "name": "Authorization",
          "value": "Bearer {{userJwt}}"
        },
        {
          "name": "Content-Type",
          "value": "application/json"
        }
      ],
      "body": {
        "type": "json",
        "raw": "{ \"lang\": \"en\" }"
      }
    },
    {
      "name": "Offline Card",
      "url": "{{baseUrl}}/functions/v1/myqer-offline-card",
      "method": "GET",
      "headers": [
        {
          "name": "Authorization",
          "value": "Bearer {{userJwt}}"
        }
      ]
    }
  ],
  "variables": [
    {
      "name": "baseUrl",
      "value": "https://YOUR-PROJECT-REF.supabase.co"
    },
    {
      "name": "userJwt",
      "value": ""
    },
    {
      "name": "shortCode",
      "value": "ABCDEFG"
    },
    {
      "name": "lang",
      "value": "en"
    },
    {
      "name": "orgId",
      "value": ""
    },
    {
      "name": "orgUserId",
      "value": ""
    }
  ]
}